{"cameraMode":{"drawMode":0,"name":"Shaded","section":"Shading Mode"},"sceneLighting":true,"audioPlay":false,"sceneViewState":{"m_AlwaysRefresh":false,"showFog":true,"showSkybox":true,"showFlares":true,"showImageEffects":true,"showParticleSystems":true,"showVisualEffectGraphs":true,"m_FxEnabled":true},"in2DMode":false,"pivot":{"x":0.20374083518981934,"y":-0.4015226364135742,"z":0.8297972679138184},"rotation":{"x":0.04171151667833328,"y":0.9104729294776917,"z":-0.40039291977882388,"w":0.09484848380088806},"size":4.114523887634277,"orthographic":false}